order_id	name	order_value	priority	state	order_date	customer_id	ts
2ddf419b-59e5-404b-859e-477c2cdfe40b	Affect term you.	698	LOW	OH	2024-07-28	10d0147e-9b44-4999-875d-65de122fe491	1722620744.934197
cb083aa8-5fa1-4dc5-8da1-54a046fde2b6	Ready event thing.	777	MEDIUM	MH	2024-07-18	56523fe7-45fa-4a8f-b483-e147c956e253	1722620744.934357
df1016cc-3b6a-487e-928f-4af0f4dbec47	Side special.	594	MEDIUM	NY	2024-07-07	5558bb84-9139-4b8f-b098-67acfecdb06d	1722620744.934465
e8f06a2d-a6f3-40ec-9e88-0689eae386bd	Few grow draw.	191	HIGH	WI	2024-07-19	6b8edf7b-e198-446c-920f-e6794704ebaf	1722620744.934572
2398ee65-df44-4c90-8854-8db24816064c	Chance medical.	686	MEDIUM	AL	2024-07-31	c3d3616a-b55d-4d6c-80f3-535c7a83b704	1722620744.934669
d3ea0e33-2c4c-41f8-ba45-e84d2b2ccab0	White marriage top.	405	LOW	VA	2024-07-30	8904efbe-223f-483e-a127-f4d76590d43e	1722620744.934776
7f282197-7d93-4ac1-b6cb-f3926b6ea2d8	Else part use among.	73	MEDIUM	IL	2024-07-20	31bedc6f-95de-4c9e-be13-23916e1c5852	1722620744.93489
8788279d-0582-48db-9db7-74ab3c8b8f9c	Contain standard.	987	LOW	FM	2024-08-01	9f1f5452-8753-40bd-a7d5-6a428ec99bc8	1722620744.934985
78c97dc0-b652-4a58-8a61-0c71ca3841a5	Wall read a make.	321	HIGH	NE	2024-07-08	5558bb84-9139-4b8f-b098-67acfecdb06d	1722620744.935285
840599e5-3ec6-4400-ba1f-f90f6cd0fe89	Another center.	971	LOW	MO	2024-07-26	6741c692-c264-482e-9c06-bdb4be2ef747	1722620744.93553
177fb41f-e3ca-4970-a44b-fa9a7d55bb02	Alone trouble about.	214	HIGH	ID	2024-07-26	53fa15c0-1e11-4f0f-857f-8eb2133d9e2d	1722620744.935733
a873d899-9933-4176-885d-220d62723ff4	Game offer quite.	34	HIGH	NM	2024-07-29	9d0797d8-b86f-4711-8e2b-ee34fae9071f	1722620744.935929
de1656b7-2b66-4a6a-9209-7a731703907f	Enter real help.	823	LOW	GA	2024-07-19	6dfc142b-9815-4ea8-8668-763f13b29582	1722620744.93612
8345dd41-2b83-4509-a084-1a1cbf8ff88b	Check business.	815	MEDIUM	CT	2024-07-03	654c91c2-20ae-4cc0-9f9b-9fe423629f99	1722620744.936297
32cf34ac-09cd-4070-a904-9cba6fab864b	Think school.	537	LOW	MD	2024-07-29	56a9284b-1575-48e6-a594-da5a239f8dc2	1722620744.936474
fd1b5596-583f-4b7d-9073-fe090cc0b55e	Sit various there.	593	LOW	AR	2024-07-14	b38d9467-298c-462c-9997-1d3a690c7904	1722620744.936666
519beeed-5faa-4dca-af41-507426a2690b	Career result must.	504	LOW	VI	2024-07-17	e6ce40c9-c94b-47c0-bc15-8a74ca2a9aa4	1722620744.936874
ac1f4ce5-fc68-492d-88ad-c680d4de8981	American degree.	577	HIGH	PR	2024-07-07	066d4ad8-938e-43a1-a09a-b2e5e45aee5d	1722620744.937053
779744c5-f331-41ff-8b38-7ec43d599b92	Ball conference.	195	LOW	MT	2024-07-06	9d0797d8-b86f-4711-8e2b-ee34fae9071f	1722620744.937229
994dda37-46f1-480c-a3be-5daaad432d35	Back prove room.	369	LOW	KS	2024-07-09	44524c85-e6d0-471c-b957-d571e722f7a4	1722620744.937419
ca0a1087-b729-4915-8755-76016710a0fe	Star once personal.	411	MEDIUM	NC	2024-07-30	56a9284b-1575-48e6-a594-da5a239f8dc2	1722620744.93761
5e77efac-2554-488f-970a-04fc597849e6	Claim even source.	722	LOW	DC	2024-07-28	066d4ad8-938e-43a1-a09a-b2e5e45aee5d	1722620744.937803
48e376a7-e30c-42e2-b782-4c6a16a137a3	Them do very worry.	589	LOW	MH	2024-07-16	750c0b9d-684a-4ac2-9563-1f978a50d420	1722620744.938075
25de8a79-15ae-4c03-8ac5-48cb47f813ea	Before fly central.	229	MEDIUM	AK	2024-07-29	b38d9467-298c-462c-9997-1d3a690c7904	1722620744.938274
1a71fd14-2964-40e1-bcef-e326bd2057a8	Thing interest.	653	LOW	PA	2024-07-12	56a9284b-1575-48e6-a594-da5a239f8dc2	1722620744.938451
206e8e61-6be2-43ff-a169-c8ff8f28d525	First base guess.	503	LOW	GA	2024-07-13	fcd6c3a4-fa5d-44cf-b254-793db9116f1f	1722620744.938642
0e3d1aba-4b09-4e0f-b061-c1c5baf7463c	Own arm ten machine.	788	MEDIUM	NV	2024-07-18	6741c692-c264-482e-9c06-bdb4be2ef747	1722620744.938849
a17fe873-13a9-4ed1-9b1b-1e34f537308e	Police market.	207	HIGH	ID	2024-07-05	44524c85-e6d0-471c-b957-d571e722f7a4	1722620744.939147
94c3a74f-eb5d-41b5-98a2-a73bb73b308b	Tonight politics.	888	HIGH	DC	2024-07-21	8904efbe-223f-483e-a127-f4d76590d43e	1722620744.939312
0016ad9b-c7dd-498e-a042-066ef50d8c9e	Nearly newspaper.	944	HIGH	NC	2024-07-17	3f81d499-a656-4ebf-8089-17ede3333075	1722620744.939412
0f146854-cf05-414d-a394-1e091721b9c1	Manage read push in.	255	LOW	NJ	2024-07-16	31bedc6f-95de-4c9e-be13-23916e1c5852	1722620744.93952
ec19277b-33d1-4e88-8784-ab878db043d0	Modern long least.	115	HIGH	CO	2024-07-06	05855c1d-dc15-422e-a8ea-0a14efb5c1f3	1722620744.939618
4b638469-df16-4d9f-a312-76c0fb83e1e0	Full house gas.	754	MEDIUM	VT	2024-08-01	9f254ebb-9af2-4024-a6cb-d0ef78c87212	1722620744.93971
d7dd382b-8c3c-4687-84a3-a6c643f65f03	Argue plan attack.	784	MEDIUM	MD	2024-07-31	b38d9467-298c-462c-9997-1d3a690c7904	1722620744.939806
3745cab4-c8a6-4bf2-ab5b-3e186ac7f784	Key sound.	880	MEDIUM	FM	2024-07-07	d4a72f99-5049-4fd5-b651-97de13313d41	1722620744.939888
0baa86cb-86d0-4e54-afe1-755ea80bf36a	Us heart book same.	802	HIGH	ID	2024-07-18	64ec7670-a9f4-4427-b11f-812cedc91ce9	1722620744.939992
fbb9beda-62b3-4591-8a99-5458b344965e	School edge.	536	LOW	DC	2024-07-25	5e6f3745-411a-48dd-aca9-6bc1e11b2e25	1722620744.940074
aa6ac25b-a0d8-4dc4-8996-20f8eae05d82	Level foot figure.	504	LOW	MT	2024-07-10	3f81d499-a656-4ebf-8089-17ede3333075	1722620744.940169
ad336802-7b8e-447f-ac47-2f5a30b375ec	Human rich tend.	731	MEDIUM	OH	2024-07-07	40fa6ad5-1853-4076-86f7-de6c8d9f5ee6	1722620744.940263
c74f9c23-6370-4df2-9f0f-79538525ea45	Star yourself he.	262	MEDIUM	DE	2024-07-23	90ee5237-8fb8-4590-b6f0-add655daee3e	1722620744.940359
c6850832-4238-4861-b7cf-4773759303be	Off argue game.	701	HIGH	PW	2024-08-01	6b8edf7b-e198-446c-920f-e6794704ebaf	1722620744.940455
cac8f466-a3b8-4ff6-a8e5-86f3395306a1	Why simply TV rich.	605	LOW	PA	2024-07-30	639c045e-2ba8-4715-a4b5-fa83687d1b12	1722620744.940618
576f0a52-5669-4798-a8ca-f05cebe8e461	Scene skill great.	751	HIGH	NM	2024-07-11	d4a72f99-5049-4fd5-b651-97de13313d41	1722620744.940723
724f168c-67c4-4aa5-b5b0-9bfe2eed49dd	Kitchen whom wait.	936	MEDIUM	MN	2024-07-19	e6ce40c9-c94b-47c0-bc15-8a74ca2a9aa4	1722620744.940825
6fb7885c-b4c7-45e0-a623-be91a7ced9aa	School often state.	664	MEDIUM	RI	2024-07-21	fcd6c3a4-fa5d-44cf-b254-793db9116f1f	1722620744.940924
783b104e-bc21-4291-9570-b87930e6e5a0	Education with.	185	MEDIUM	NJ	2024-07-03	9d0797d8-b86f-4711-8e2b-ee34fae9071f	1722620744.94101
00167021-2744-4ded-87b5-44a001d2abd3	Buy edge political.	376	HIGH	NJ	2024-07-25	56a9284b-1575-48e6-a594-da5a239f8dc2	1722620744.941111
1f5abfe8-671b-4788-9993-95bd8a8ab3b8	Maintain degree.	969	HIGH	VT	2024-07-22	f247b561-2e0b-4725-9027-8574d89f9235	1722620744.941193
ec9c705a-907b-4880-8064-1ffa56305aea	Issue there.	136	MEDIUM	DE	2024-07-30	3f81d499-a656-4ebf-8089-17ede3333075	1722620744.941262
76c55546-a643-4a18-abdd-c91b6a202989	School of fire.	263	MEDIUM	CA	2024-07-05	dee9528b-6b0d-422a-b90a-1dff75242441	1722620744.941334
a9dded1d-c94e-46ff-a898-6f7cd607c263	Country yeah stop.	673	LOW	OK	2024-07-28	90ee5237-8fb8-4590-b6f0-add655daee3e	1722620744.941405
bbf9cb12-48e2-4d1f-bc41-7f4014cf73ef	Cover any use body.	139	HIGH	NY	2024-07-18	897e98b3-7f7a-4bb7-a3d7-627d8c3e735a	1722620744.941482
158c07fa-ed77-4f97-888f-dbd59e8d5573	Rate city show.	703	LOW	MI	2024-07-15	00990325-9e0c-4794-9b6b-ab30d52106b9	1722620744.94156
1a4189c3-0681-4d13-a444-333779a67400	Pick seven rise.	461	HIGH	FL	2024-07-25	05855c1d-dc15-422e-a8ea-0a14efb5c1f3	1722620744.941635
5128b2a2-3b97-4709-901a-abf413489829	During sing camera.	692	MEDIUM	MS	2024-07-19	fcd6c3a4-fa5d-44cf-b254-793db9116f1f	1722620744.941712
ddb9fd77-d167-4cd2-b8e2-6d8d738b1a09	Now property.	393	HIGH	MO	2024-07-30	05855c1d-dc15-422e-a8ea-0a14efb5c1f3	1722620744.941775
94e537dc-ea34-4f88-9b42-208886f04fb0	No learn difference.	186	LOW	GU	2024-07-04	c9913428-0706-4b2c-93dc-1c3cd8241298	1722620744.941847
a381641e-1da4-474d-abca-98226dbe6402	Week whom note.	549	MEDIUM	MP	2024-07-07	706014b7-b8e7-408c-bdf5-fff4005ea729	1722620744.941918
1471c734-5df7-47b0-a9bb-5328a54c5a38	Weight it worker.	207	LOW	NC	2024-07-21	e0e16e86-c382-4064-b4b2-8ce066ad2bb3	1722620744.941991
9ac8469b-aa90-4843-b252-dab729eb5dca	Situation song walk.	825	HIGH	WI	2024-07-15	dfd5f1a1-1f94-4bd4-ab6d-612ee4f939b8	1722620744.942063
5349fc33-8494-4f2f-87f4-213e4c2364e4	Page arrive skin.	439	LOW	PA	2024-07-23	53fa15c0-1e11-4f0f-857f-8eb2133d9e2d	1722620744.942133
05fdfcdc-326c-400e-b18d-e7433728298c	With piece another.	918	HIGH	NV	2024-07-06	706014b7-b8e7-408c-bdf5-fff4005ea729	1722620744.9422
cd0c8954-b59b-4a5f-9403-ba6953463849	Trip true hour.	410	LOW	KY	2024-07-15	d4a72f99-5049-4fd5-b651-97de13313d41	1722620744.942272
ee340cf8-be59-4567-b6c8-3162d79f72b4	Happy take building.	73	MEDIUM	WA	2024-07-27	aaaebfec-6dbf-43ea-bd0c-52782db20c71	1722620744.942342
d6f88693-8626-460e-a012-3793966741eb	Seven important.	170	MEDIUM	NH	2024-07-06	4dc375ff-d03c-4fa6-bede-03019475668e	1722620744.942408
34e245dd-01bb-41aa-b79e-2e0318589f49	Whom power option.	840	LOW	VA	2024-07-12	aaaebfec-6dbf-43ea-bd0c-52782db20c71	1722620744.942478
1fa20840-59fe-4ad3-92ad-e51a7af44452	Daughter religious.	944	HIGH	AS	2024-07-31	fcfa8240-a0b9-428b-9bad-72e54c5e3d44	1722620744.942543
1da7f214-b715-4759-bc6d-3709e2212ff3	Message finally sit.	442	LOW	NJ	2024-07-26	90ee5237-8fb8-4590-b6f0-add655daee3e	1722620744.942615
16777b4b-f00e-4082-89e9-1c4db4a63b1d	Issue ready option.	79	LOW	PW	2024-07-08	aaaebfec-6dbf-43ea-bd0c-52782db20c71	1722620744.942685
000ea23b-2eac-4b16-99e7-8c7ce165303c	Cultural for.	254	MEDIUM	ND	2024-07-14	750c0b9d-684a-4ac2-9563-1f978a50d420	1722620744.942749
a5203187-efcc-4738-83f1-1d3aa03a93b0	Grow huge American.	362	MEDIUM	NH	2024-07-24	d4a72f99-5049-4fd5-b651-97de13313d41	1722620744.942816
538b7228-e9b1-4e34-afb4-7366e1c6e364	Figure eye show.	124	HIGH	NM	2024-07-15	c0e84268-8047-4f02-b02c-5707ffcc0cfd	1722620744.94288
25269796-76df-4e37-b751-9f732f9bf15a	Build financial.	864	MEDIUM	MO	2024-07-15	c3d3616a-b55d-4d6c-80f3-535c7a83b704	1722620744.942936
fc77db99-4f0b-4e52-97b6-cb50c6b808fd	In practice anyone.	332	HIGH	MD	2024-07-06	9f1f5452-8753-40bd-a7d5-6a428ec99bc8	1722620744.943
21728884-b0ff-46a9-bbca-0b1ccf567dd8	Floor like everyone.	591	LOW	AL	2024-07-05	44524c85-e6d0-471c-b957-d571e722f7a4	1722620744.943062
da0d7d26-ec82-403f-bfbd-eec83a2794db	Place before.	55	HIGH	MT	2024-07-04	6b8edf7b-e198-446c-920f-e6794704ebaf	1722620744.943119
87704c6e-e4d7-4040-828b-352077625011	Window author fire.	624	LOW	DC	2024-07-22	1358255a-3352-49ae-954c-90a890134ab3	1722620744.943183
bfa849b7-4c9a-456c-b154-799e081a61c7	Imagine anything.	389	LOW	AZ	2024-07-21	e0e16e86-c382-4064-b4b2-8ce066ad2bb3	1722620744.943241
ed550f3d-5770-4044-b31f-3cba450e242f	Memory six right.	969	LOW	CA	2024-07-21	56523fe7-45fa-4a8f-b483-e147c956e253	1722620744.943305
3d24b839-91c9-4976-9487-8d81fcb05f64	Edge range best.	980	MEDIUM	MH	2024-07-28	6b8edf7b-e198-446c-920f-e6794704ebaf	1722620744.943369
e01fca93-6682-46a7-af4d-e1aafc238fd8	Bar chair activity.	48	MEDIUM	MA	2024-07-14	05855c1d-dc15-422e-a8ea-0a14efb5c1f3	1722620744.943432
89278c5a-0fdb-4183-9ef3-f9170dfe3264	Add back model up.	492	LOW	DC	2024-07-07	fcfa8240-a0b9-428b-9bad-72e54c5e3d44	1722620744.943501
df10c3c5-057c-45b5-a64d-4f15fdf21cfb	He try voice.	958	MEDIUM	RI	2024-07-19	6480d4c2-23aa-4686-8677-852effd80f41	1722620744.943564
a2528cac-c076-4dcb-a250-6b76af85b36f	Act senior explain.	939	MEDIUM	TX	2024-07-25	64ec7670-a9f4-4427-b11f-812cedc91ce9	1722620744.943626
fd436dee-20de-4e2e-bcc0-22a38ae8440a	Claim grow form.	571	HIGH	NY	2024-07-12	066d4ad8-938e-43a1-a09a-b2e5e45aee5d	1722620744.943704
c3c63ec9-a394-4da3-8e7b-810c794a66bb	They just voice.	255	HIGH	ND	2024-07-06	aaaebfec-6dbf-43ea-bd0c-52782db20c71	1722620744.943789
612cae30-9930-45c4-8ce0-79367fb3830c	Build hundred.	255	LOW	DE	2024-07-11	6b8edf7b-e198-446c-920f-e6794704ebaf	1722620744.94387
c81b045f-d754-40c1-81dd-d5d8f44ea777	National entire.	264	LOW	NH	2024-07-07	e0e16e86-c382-4064-b4b2-8ce066ad2bb3	1722620744.943982
64b43f1d-8fb4-4b58-b483-c0ff7973a1fc	Girl husband leg.	769	HIGH	GA	2024-07-26	9f1f5452-8753-40bd-a7d5-6a428ec99bc8	1722620744.944082
1416c326-6539-47ea-87e8-f98ade19a4fe	Plant somebody.	999	LOW	IL	2024-07-15	40fa6ad5-1853-4076-86f7-de6c8d9f5ee6	1722620744.944145
fbe378e1-04f4-4018-9122-991e90ec38a9	Sound foot hold.	222	HIGH	GU	2024-07-10	f247b561-2e0b-4725-9027-8574d89f9235	1722620744.944209
31b7b78c-8e5b-406a-b7e6-b75a12bca1cc	Skill eight.	891	LOW	ME	2024-07-05	0de5fae5-0c8f-45eb-9fd8-732dde1d0fa4	1722620744.944267
d6b0efe8-673f-4fda-95ff-ee12aa6a63e9	Shake bring.	882	HIGH	DC	2024-07-06	56a9284b-1575-48e6-a594-da5a239f8dc2	1722620744.944324
796fd040-74ad-422d-ad22-66ace62c6f0c	Tax run avoid bag.	15	LOW	RI	2024-07-08	3f81d499-a656-4ebf-8089-17ede3333075	1722620744.944397
005a25c5-0e90-4426-845e-1962bb28efc7	Heart late join.	331	LOW	GU	2024-07-12	40fa6ad5-1853-4076-86f7-de6c8d9f5ee6	1722620744.944462
a3440a76-ea10-4b4a-b19c-2c14f80a415f	Professional speech.	642	LOW	NE	2024-07-10	066d4ad8-938e-43a1-a09a-b2e5e45aee5d	1722620744.94452
63fad4dc-e6f2-42e8-8bc1-5f8265aaea5e	Reach special at.	941	LOW	MS	2024-07-24	f247b561-2e0b-4725-9027-8574d89f9235	1722620744.944584
ee2200bb-79b3-4491-9dc3-0b054ad87c4f	Factor look about.	178	MEDIUM	MI	2024-07-08	066d4ad8-938e-43a1-a09a-b2e5e45aee5d	1722620744.944665
8d6d937f-4a8b-4558-addc-da59108da66c	Kitchen describe.	609	LOW	MA	2024-07-24	4dc375ff-d03c-4fa6-bede-03019475668e	1722620744.944728
d6c62bfa-bf88-4065-8469-c7c4357fba1d	Yeah almost never.	859	MEDIUM	IA	2024-07-30	654c91c2-20ae-4cc0-9f9b-9fe423629f99	1722620744.944796
